{"cameraMode":{"drawMode":0,"name":"Shaded","section":"Shading Mode"},"sceneLighting":false,"audioPlay":false,"sceneViewState":{"showFog":true,"showMaterialUpdate":false,"showSkybox":false,"showFlares":true,"showImageEffects":true,"showParticleSystems":true},"in2DMode":false,"pivot":{"x":-0.22836770117282868,"y":1.4734822511672974,"z":0.3825150728225708},"rotation":{"x":-0.0481666624546051,"y":0.9385973811149597,"z":-0.1464759260416031,"w":-0.308646023273468},"size":0.33303505182266238,"orthographic":false}