{"cameraMode":{"drawMode":0,"name":"Shaded","section":"Shading Mode"},"sceneLighting":false,"audioPlay":false,"sceneViewState":{"showFog":true,"showMaterialUpdate":false,"showSkybox":false,"showFlares":true,"showImageEffects":true,"showParticleSystems":true},"in2DMode":false,"pivot":{"x":-0.2291545867919922,"y":1.4461214542388917,"z":0.25723135471343996},"rotation":{"x":-0.25317156314849856,"y":0.6802767515182495,"z":-0.2727453112602234,"w":-0.6314589977264404},"size":0.33866336941719057,"orthographic":false}