{"cameraMode":{"drawMode":0,"name":"Shaded","section":"Shading Mode"},"sceneLighting":false,"audioPlay":false,"sceneViewState":{"showFog":true,"showMaterialUpdate":false,"showSkybox":false,"showFlares":true,"showImageEffects":true,"showParticleSystems":true},"in2DMode":false,"pivot":{"x":2.9802322387695315e-8,"y":1.463212013244629,"z":0.3747871518135071},"rotation":{"x":-0.23171797394752503,"y":0.707007884979248,"z":-0.2675834000110626,"w":-0.6122550368309021},"size":1.0421274900436402,"orthographic":false}