{"cameraMode":{"drawMode":0,"name":"Shaded","section":"Shading Mode"},"sceneLighting":false,"audioPlay":false,"sceneViewState":{"showFog":true,"showMaterialUpdate":false,"showSkybox":false,"showFlares":true,"showImageEffects":true,"showParticleSystems":true},"in2DMode":false,"pivot":{"x":0.03602053225040436,"y":0.18699604272842408,"z":-0.06593477725982666},"rotation":{"x":0.00771672697737813,"y":0.9835596680641174,"z":-0.17532211542129517,"w":0.04341842606663704},"size":4.800057411193848,"orthographic":false}