{"cameraMode":{"drawMode":0,"name":"Shaded","section":"Shading Mode"},"sceneLighting":false,"audioPlay":false,"sceneViewState":{"showFog":true,"showMaterialUpdate":false,"showSkybox":false,"showFlares":true,"showImageEffects":true,"showParticleSystems":true},"in2DMode":false,"pivot":{"x":1.9232194423675538,"y":1.3873836994171143,"z":4.601742744445801},"rotation":{"x":-0.056001853197813037,"y":0.920572817325592,"z":-0.1436631977558136,"w":-0.35885655879974368},"size":2.468118667602539,"orthographic":false}