{"cameraMode":{"drawMode":0,"name":"Shaded","section":"Shading Mode"},"sceneLighting":false,"audioPlay":false,"sceneViewState":{"showFog":true,"showMaterialUpdate":false,"showSkybox":false,"showFlares":true,"showImageEffects":true,"showParticleSystems":true},"in2DMode":false,"pivot":{"x":-8.606389999389649,"y":2.5269365310668947,"z":-1.6954565048217774},"rotation":{"x":0.00771672697737813,"y":0.9835596680641174,"z":-0.17532211542129517,"w":0.04341842606663704},"size":18.403141021728517,"orthographic":false}