{"cameraMode":{"drawMode":0,"name":"Shaded","section":"Shading Mode"},"sceneLighting":false,"audioPlay":false,"sceneViewState":{"showFog":true,"showMaterialUpdate":false,"showSkybox":false,"showFlares":true,"showImageEffects":true,"showParticleSystems":true},"in2DMode":false,"pivot":{"x":-0.008961146697402,"y":-2.974205493927002,"z":-4.0165791511535648},"rotation":{"x":-0.0481666624546051,"y":0.9385973811149597,"z":-0.1464759260416031,"w":-0.308646023273468},"size":0.3771730363368988,"orthographic":false}