{"cameraMode":{"drawMode":0,"name":"Shaded","section":"Shading Mode"},"sceneLighting":false,"audioPlay":false,"sceneViewState":{"showFog":true,"showMaterialUpdate":false,"showSkybox":false,"showFlares":true,"showImageEffects":true,"showParticleSystems":true},"in2DMode":false,"pivot":{"x":0.010716557502746582,"y":0.041318029165267947,"z":0.3171696960926056},"rotation":{"x":-0.09559857845306397,"y":0.7136712074279785,"z":-0.09934192150831223,"w":-0.6867803931236267},"size":22.0,"orthographic":false}